Workbook

Sheet Lista de Precios 10-02
A1: Código | B1: Cód.Barras U.Consumo | C1: Descripcion | D1: Tradicional (c/Iva) | E1: Marca
A2: 122404 | C2: =VLOOKUP(A2,BASE!A:C,2,FALSE) -> ESFREBOM ESPONJA AUTOMOTOR x36 un | D2: =VLOOKUP(A2,BASE!A:C,3,FALSE) -> 2669.99 | E2: 7
A3: 122448 | C3: =VLOOKUP(A3,BASE!A:C,2,FALSE) -> ESFREBOM ESPONJA DIAMANTADA x60 un | D3: =VLOOKUP(A3,BASE!A:C,3,FALSE) -> 728.18 | E3: 7
A4: 122495 | C4: =VLOOKUP(A4,BASE!A:C,2,FALSE) -> ESFREBOM ESPONJA DOBLE CARA x60 un | D4: =VLOOKUP(A4,BASE!A:C,3,FALSE) -> 1372.54 | E4: 7
A5: 122484 | C5: =VLOOKUP(A5,BASE!A:C,2,FALSE) -> ESFREBOM ESPONJA METALIZADA x60 un | D5: =VLOOKUP(A5,BASE!A:C,3,FALSE) -> 1071.68 | E5: 7
A6: 122453 | C6: =VLOOKUP(A6,BASE!A:C,2,FALSE) -> ESFREBOM ESPONJA PARRILLERA x60 un | D6: =VLOOKUP(A6,BASE!A:C,3,FALSE) -> 1031.59 | E6: 7
A7: 122452 | C7: =VLOOKUP(A7,BASE!A:C,2,FALSE) -> ESFREBOM ESPONJA SALVA UÑAS (X60) x1 un | D7: =VLOOKUP(A7,BASE!A:C,3,FALSE) -> 789.73 | E7: 7
A8: 122456 | C8: =VLOOKUP(A8,BASE!A:C,2,FALSE) -> ESFREBOM ESPONJA TEFLON x60 un | D8: =VLOOKUP(A8,BASE!A:C,3,FALSE) -> 485.45 | E8: 7
A9: 1221323 | C9: =VLOOKUP(A9,BASE!A:C,2,FALSE) -> ESFREBOM GUANTES DE COCINA "P" x12 un | D9: =VLOOKUP(A9,BASE!A:C,3,FALSE) -> 2061.78 | E9: 7
A10: 1221322 | C10: =VLOOKUP(A10,BASE!A:C,2,FALSE) -> ESFREBOM GUANTES DE COCINA "M" x12 un | D10: =VLOOKUP(A10,BASE!A:C,3,FALSE) -> 2061.78 | E10: 7
A11: 1221321 | C11: =VLOOKUP(A11,BASE!A:C,2,FALSE) -> ESFREBOM GUANTES DE COCINA "G" x12 un | D11: =VLOOKUP(A11,BASE!A:C,3,FALSE) -> 2061.78 | E11: 7
A12: 122201 | C12: =VLOOKUP(A12,BASE!A:C,2,FALSE) -> ESFREBOM ROLLO SACA PELUSA x24 un | D12: =VLOOKUP(A12,BASE!A:C,3,FALSE) -> 2275.82 | E12: 7
A13: 1222064 | C13: =VLOOKUP(A13,BASE!A:C,2,FALSE) -> BRILHUS BROCHES DE ROPA x12 un | D13: =VLOOKUP(A13,BASE!A:C,3,FALSE) -> 1887.7 | E13: 7
... A17: 122570 | C17: =VLOOKUP(A17,BASE!A:C,2,FALSE) -> BETTANIN CEPILLO SANITARIO x36 un | D17: =VLOOKUP(A17,BASE!A:C,3,FALSE) -> 3515.76 | E17: 7
A18: 109351 | B18: 7790770603015 | C18: =VLOOKUP(A18,BASE!A:C,2,FALSE) -> CALIPSO PD NORMAL ROSA X 30U x32 un | D18: =VLOOKUP(A18,BASE!A:C,3,FALSE) -> 1263.88 | E18: 1
A19: 105597 | B19: 7790770602186 | C19: =VLOOKUP(A19,BASE!A:C,2,FALSE) -> CALIPSO PD NORMAL ROSA X 20U x40 un | D19: =VLOOKUP(A19,BASE!A:C,3,FALSE) -> 1011.11 | E19: 1
A20: 105552 | B20: 7790770602193 | C20: =VLOOKUP(A20,BASE!A:C,2,FALSE) -> CALIPSO PD NORMAL ROSA X 50U x20 un | D20: =VLOOKUP(A20,BASE!A:C,3,FALSE) -> 2055.51 | E20: 1
A21: 105599 | B21: 7790770602209 | C21: =VLOOKUP(A21,BASE!A:C,2,FALSE) -> CALIPSO PD NORMAL ROSA X 80U x10 un | D21: =VLOOKUP(A21,BASE!A:C,3,FALSE) -> 3002.19 | E21: 1
A22: 105596 | B22: 7790770602285 | C22: =VLOOKUP(A22,BASE!A:C,2,FALSE) -> CALIPSO PD NORMAL C/FRAG X 20U x40 un | D22: =VLOOKUP(A22,BASE!A:C,3,FALSE) -> 1011.11 | E22: 1
A23: 105550 | B23: 7790770602254 | C23: =VLOOKUP(A23,BASE!A:C,2,FALSE) -> CALIPSO PD NORMAL C/FRAG X 50U x20 un | D23: =VLOOKUP(A23,BASE!A:C,3,FALSE) -> 2055.51 | E23: 1
A24: 105988 | B24: 7790770602261 | C24: =VLOOKUP(A24,BASE!A:C,2,FALSE) -> CALIPSO PD TANGA ROSA X 20U x40 un | D24: =VLOOKUP(A24,BASE!A:C,3,FALSE) -> 1216.63 | E24: 1
A25: 105553 | B25: 7790770602278 | C25: =VLOOKUP(A25,BASE!A:C,2,FALSE) -> CALIPSO PD TANGA ROSA X 50U x10 un | D25: =VLOOKUP(A25,BASE!A:C,3,FALSE) -> 2627.58 | E25: 1
A26: 105093 | B26: 7790770602216 | C26: =VLOOKUP(A26,BASE!A:C,2,FALSE) -> CALIPSO PD MULTIESTILO NARANJA X 20U x40 un | D26: =VLOOKUP(A26,BASE!A:C,3,FALSE) -> 1216.63 | E26: 1
A27: 105558 | B27: 7790770602223 | C27: =VLOOKUP(A27,BASE!A:C,2,FALSE) -> CALIPSO PD MULTIESTILO NARANJA X 50U x10 un | D27: =VLOOKUP(A27,BASE!A:C,3,FALSE) -> 2627.58 | E27: 1
A28: 105420 | B28: 7790770602230 | C28: =VLOOKUP(A28,BASE!A:C,2,FALSE) -> CALIPSO PD RESPIRABLE CELESTE X 20U x40 un | D28: =VLOOKUP(A28,BASE!A:C,3,FALSE) -> 1011.11 | E28: 1
A29: 105421 | B29: 7790770602247 | C29: =VLOOKUP(A29,BASE!A:C,2,FALSE) -> CALIPSO PD RESPIRABLE CELESTE X 50U x10 un | D29: =VLOOKUP(A29,BASE!A:C,3,FALSE) -> 2055.51 | E29: 1
... A51: 106112 | B51: 7790770602018 | C51: =VLOOKUP(A51,BASE!A:C,2,FALSE) -> NOSOTRAS PD RESPIRABLE X 50U x12 un | D51: =VLOOKUP(A51,BASE!A:C,3,FALSE) -> 5571.92 | E51: 2
A52: 42424 | C52: =VLOOKUP(A52,BASE!A:C,2,FALSE) -> NOSOTRAS TAMPONES DIGITAL MINI X 8U x12 un | D52: =VLOOKUP(A52,BASE!A:C,3,FALSE) -> 3346.93 | E52: 2
A53: 203926 | B53: 7702026194581 | C53: =VLOOKUP(A53,BASE!A:C,2,FALSE) -> NOSOTRAS TAMPONES DIGITAL REGULAR X 8U x12 un | D53: =VLOOKUP(A53,BASE!A:C,3,FALSE) -> 3346.93 | E53: 2
A54: 204201 | B54: 7702026194710 | C54: =VLOOKUP(A54,BASE!A:C,2,FALSE) -> NOSOTRAS TAMPONES DIGITAL REGULAR X 16U x12 un | D54: =VLOOKUP(A54,BASE!A:C,3,FALSE) -> 6023.4 | E54: 2
A55: 203927 | B55: 7702026194697 | C55: =VLOOKUP(A55,BASE!A:C,2,FALSE) -> NOSOTRAS TAMPONES DIGITAL SUPER X 8U x12 un | D55: =VLOOKUP(A55,BASE!A:C,3,FALSE) -> 3346.93 | E55: 2
A56: 42426 | B56: 7702026194727 | C56: =VLOOKUP(A56,BASE!A:C,2,FALSE) -> NOSOTRAS TAMPONES DIGITAL SUPER X 16U x12 un | D56: =VLOOKUP(A56,BASE!A:C,3,FALSE) -> 6023.4 | E56: 2
A57: 110127 | B57: 7790770601882 | C57: =VLOOKUP(A57,BASE!A:C,2,FALSE) -> NOSOTRAS TOALLA CLASICA TELA X8U x30 un | D57: =VLOOKUP(A57,BASE!A:C,3,FALSE) -> 1813.81 | E57: 2
A58: 110129 | B58: 7790770601899 | C58: =VLOOKUP(A58,BASE!A:C,2,FALSE) -> NOSOTRAS TOALLA CLASICA TELA X 16U x15 un | D58: =VLOOKUP(A58,BASE!A:C,3,FALSE) -> 3429.54 | E58: 2
A59: 110230 | B59: 7790770602339 | C59: =VLOOKUP(A59,BASE!A:C,2,FALSE) -> NOSOTRAS TOALLA CLASICA TELA X 30U x8 un | D59: =VLOOKUP(A59,BASE!A:C,3,FALSE) -> 6104.53 | E59: 2
A60: 110185 | B60: 7790770601905 | C60: =VLOOKUP(A60,BASE!A:C,2,FALSE) -> NOSOTRAS TOALLA NORMAL TELA ALGODON X8U x30 un | D60: =VLOOKUP(A60,BASE!A:C,3,FALSE) -> 2198.19 | E60: 2
A61: 110186 | B61: 7790770601912 | C61: =VLOOKUP(A61,BASE!A:C,2,FALSE) -> NOSOTRAS TOALLA NORMAL X 16U x15 un | D61: =VLOOKUP(A61,BASE!A:C,3,FALSE) -> 3904.65 | E61: 2
A62: 120347 | B62: 7702026195830 | C62: =VLOOKUP(A62,BASE!A:C,2,FALSE) -> NOSOTRAS TOALLA CLASICA RAPISEC X 8U x30 un | D62: =VLOOKUP(A62,BASE!A:C,3,FALSE) -> 1815.42 | E62: 2
A63: 120348 | B63: 7702026195847 | C63: =VLOOKUP(A63,BASE!A:C,2,FALSE) -> NOSOTRAS TOALLA CLASICA RAPISEC X 16U x15 un | D63: =VLOOKUP(A63,BASE!A:C,3,FALSE) -> 3433.33 | E63: 2
A64: 110187 | B64: 7790770601950 | C64: =VLOOKUP(A64,BASE!A:C,2,FALSE) -> NOSOTRAS TOALLA CLASICAS ESENCIAL X8U x30 un | D64: =VLOOKUP(A64,BASE!A:C,3,FALSE) -> 1407.15 | E64: 2
... A269: 6062004 | B269: 7791274198564 | C269: =VLOOKUP(A269,BASE!A:C,2,FALSE) -> ALGABO TOALLITAS MICELARES C/TAPA -ROSA x24 un | D269: =VLOOKUP(A269,BASE!A:C,3,FALSE) -> 2389.69 | E269: 6
A270: 6040926 | C270: =VLOOKUP(A270,BASE!A:C,2,FALSE) -> ALGABO ULTRA SANITIZANTE GEL C/VALVULA X x15 un | D270: =VLOOKUP(A270,BASE!A:C,3,FALSE) -> 3074.65 | E270: 6
A271: 6040875 | C271: =VLOOKUP(A271,BASE!A:C,2,FALSE) -> ALGABO ULTRA SANITIZANTE GEL X75 x72 un | D271: =VLOOKUP(A271,BASE!A:C,3,FALSE) -> 2459.72 | E271: 6
A272: 6040912 | C272: =VLOOKUP(A272,BASE!A:C,2,FALSE) -> ALGABO ULTRA SANITIZANTE SPRAY X125ML x16 un | D272: =VLOOKUP(A272,BASE!A:C,3,FALSE) -> 2908.47 | E272: 6
A273: 6045930 | C273: =VLOOKUP(A273,BASE!A:C,2,FALSE) -> ALGABO AC 0% ACAÍ Y ROMERO D/P X300ML x12 un | D273: =VLOOKUP(A273,BASE!A:C,3,FALSE) -> 1911.75 | E273: 6
A274: 6045931 | C274: =VLOOKUP(A274,BASE!A:C,2,FALSE) -> ALGABO AC 0% AVOCADO Y ARGÁN D/P300ML x12 un | D274: =VLOOKUP(A274,BASE!A:C,3,FALSE) -> 1911.75 | E274: 6
A275: 6045929 | C275: =VLOOKUP(A275,BASE!A:C,2,FALSE) -> ALGABO AC 0% OLIVA Y ARGÁN D/P 300ML x12 un | D275: =VLOOKUP(A275,BASE!A:C,3,FALSE) -> 1911.75 | E275: 6
A276: 6043930 | C276: =VLOOKUP(A276,BASE!A:C,2,FALSE) -> ALGABO SH 0% ACAÍ Y ROMERO D/P X300ML x12 un | D276: =VLOOKUP(A276,BASE!A:C,3,FALSE) -> 1911.75 | E276: 6
A277: 6043931 | C277: =VLOOKUP(A277,BASE!A:C,2,FALSE) -> ALGABO SH 0% AVOCADO Y ARGÁN D/P X300ML x12 un | D277: =VLOOKUP(A277,BASE!A:C,3,FALSE) -> 1911.75 | E277: 6
A278: 6043929 | C278: =VLOOKUP(A278,BASE!A:C,2,FALSE) -> ALGABO SH 0% OLIVA Y ARGÁN D/P X300ML x12 un | D278: =VLOOKUP(A278,BASE!A:C,3,FALSE) -> 1911.75 | E278: 6
A279: 6040379 | C279: =VLOOKUP(A279,BASE!A:C,2,FALSE) -> ALGABO JABON GLICERINA CREAM PACK 3X80G x60 un | D279: =VLOOKUP(A279,BASE!A:C,3,FALSE) -> 2308.35 | E279: 6
A280: 6040377 | C280: =VLOOKUP(A280,BASE!A:C,2,FALSE) -> ALGABO JABON GLICERINA CREAM X80G x80 un | D280: =VLOOKUP(A280,BASE!A:C,3,FALSE) -> 748.65 | E280: 6
A281: 6040374 | C281: =VLOOKUP(A281,BASE!A:C,2,FALSE) -> ALGABO JABON GLICERINA FLORAL RAIN PACK x36 un | D281: =VLOOKUP(A281,BASE!A:C,3,FALSE) -> 2713 | E281: 6
... A317: 559116 | C317: =VLOOKUP(A317,BASE!A:C,2,FALSE) -> PRIME PRESERVATIVO WARMING (3) x24 un | D317: =VLOOKUP(A317,BASE!A:C,3,FALSE) -> 3448.66 | E317: 9
A318: 559114 | B318: 7798171949114 | C318: =VLOOKUP(A318,BASE!A:C,2,FALSE) -> MAXX PRESERVATIVO MIXTAX12+5 PILAS AAA x1 un | D318: =VLOOKUP(A318,BASE!A:C,3,FALSE) -> 13310 | E318: 10
A319: 559113 | B319: 7798171946615 | C319: =VLOOKUP(A319,BASE!A:C,2,FALSE) -> MAXX PRESERVATIVO TUBO MIXTO 12U + ENCEN x1 un | D319: =VLOOKUP(A319,BASE!A:C,3,FALSE) -> 13310 | E319: 10
A320: 559107 | B320: 7798171949107 | C320: =VLOOKUP(A320,BASE!A:C,2,FALSE) -> MAXX PRESERVATIVO MIXTA12+5 PILAS AA x1 un | D320: =VLOOKUP(A320,BASE!A:C,3,FALSE) -> 13310 | E320: 10
A321: 10900 | B321: 7790613071117 | C321: =VLOOKUP(A321,BASE!A:C,2,FALSE) -> SUIZA ACONDICIONADOR P/PISO 3EN1 400CC x12 un | D321: =VLOOKUP(A321,BASE!A:C,3,FALSE) -> 2839.49 | E321: 11
A322: 10412 | B322: 7790613000247 | C322: =VLOOKUP(A322,BASE!A:C,2,FALSE) -> SUIZA AUTOBRILLO CERAM. ROJO 900CC x12 un | D322: =VLOOKUP(A322,BASE!A:C,3,FALSE) -> 6497.05 | E322: 11
A323: 10411 | B323: 7790613000230 | C323: =VLOOKUP(A323,BASE!A:C,2,FALSE) -> SUIZA AUTOBRILLO INCOLORO 900 CC x12 un | D323: =VLOOKUP(A323,BASE!A:C,3,FALSE) -> 6497.05 | E323: 11
A324: 10400 | B324: 7790613071087 | C324: =VLOOKUP(A324,BASE!A:C,2,FALSE) -> SUIZA AUTOBRILLO INCOLORO D/P 400ML x12 un | D324: =VLOOKUP(A324,BASE!A:C,3,FALSE) -> 3249.03 | E324: 11
A325: 10408 | B325: 7790613001626 | C325: =VLOOKUP(A325,BASE!A:C,2,FALSE) -> #N/A | D325: =VLOOKUP(A325,BASE!A:C,3,FALSE) -> #N/A | E325: 11
A326: 10403 | B326: 7790613071780 | C326: =VLOOKUP(A326,BASE!A:C,2,FALSE) -> SUIZA AUTOBRILLO NEGRO D/P 400ML x12 un | D326: =VLOOKUP(A326,BASE!A:C,3,FALSE) -> 3249.03 | E326: 11
A327: 10413 | B327: 7790613000254 | C327: =VLOOKUP(A327,BASE!A:C,2,FALSE) -> SUIZA AUTOBRILLO NEGRO 900CC x12 un | D327: =VLOOKUP(A327,BASE!A:C,3,FALSE) -> 6497.05 | E327: 11
A328: 10402 | B328: 7790613071100 | C328: =VLOOKUP(A328,BASE!A:C,2,FALSE) -> SUIZA AUTOBRILLO ROJO D/P 400ML x12 un | D328: =VLOOKUP(A328,BASE!A:C,3,FALSE) -> 3249.03 | E328: 11
A329: 10301 | B329: 7790613000223 | C329: =VLOOKUP(A329,BASE!A:C,2,FALSE) -> SUIZA CERA BRILLO INC.P/ CERAMICOS 900ML x12 un | D329: =VLOOKUP(A329,BASE!A:C,3,FALSE) -> 4022.61 | E329: 11
... A379: 11102 | B379: 7790613000834 | C379: =VLOOKUP(A379,BASE!A:C,2,FALSE) -> SUIZA RESTAURADOR NOGAL 200CC x12 un | D379: =VLOOKUP(A379,BASE!A:C,3,FALSE) -> 4920.57 | E379: 11
A380: 1003012 | C380: =VLOOKUP(A380,BASE!A:C,2,FALSE) -> FELPITA PAÑUELOS PACK 6 X 10 x48 un | D380: =VLOOKUP(A380,BASE!A:C,3,FALSE) -> 1597.81 | E380: 12
A381: 1003014 | C381: =VLOOKUP(A381,BASE!A:C,2,FALSE) -> FELPITA PAÑUELOS CAJA x48 un | D381: =VLOOKUP(A381,BASE!A:C,3,FALSE) -> 1595.72 | E381: 12
A382: 181001 | C382: =VLOOKUP(A382,BASE!A:C,2,FALSE) -> FELPITA PAPEL HIGIENICO 4U 30MT x12 un | D382: =VLOOKUP(A382,BASE!A:C,3,FALSE) -> 1577.47 | E382: 12
A383: 181019 | C383: =VLOOKUP(A383,BASE!A:C,2,FALSE) -> FELPITA PAPEL HIGIENICO PLUS 4U 80MT x10 un | D383: =VLOOKUP(A383,BASE!A:C,3,FALSE) -> 3565.76 | E383: 12
A384: 1801001 | C384: =VLOOKUP(A384,BASE!A:C,2,FALSE) -> FELPITA ROLLO DE COCINA X 3U x10 un | D384: =VLOOKUP(A384,BASE!A:C,3,FALSE) -> 1700.68 | E384: 12
A385: 182005 | C385: =VLOOKUP(A385,BASE!A:C,2,FALSE) -> FLORIPEL PAPEL HIGIENICO 4U 30MT x12 un | D385: =VLOOKUP(A385,BASE!A:C,3,FALSE) -> 1587.75 | E385: 13
A386: 182003 | C386: =VLOOKUP(A386,BASE!A:C,2,FALSE) -> FLORIPEL ROLLO DE COCINA SUAVE X 3U x10 un | D386: =VLOOKUP(A386,BASE!A:C,3,FALSE) -> 1464.69 | E386: 13
A387: 1001019 | C387: =VLOOKUP(A387,BASE!A:C,2,FALSE) -> FELPITA SERVILLETAS BLANCAS X 70U x24 un | D387: =VLOOKUP(A387,BASE!A:C,3,FALSE) -> 1078 | E387: 12
A388: 1001017 | C388: =VLOOKUP(A388,BASE!A:C,2,FALSE) -> FELPITA SERVILLETAS BLANCAS X40U x42 un | D388: =VLOOKUP(A388,BASE!A:C,3,FALSE) -> 648.08 | E388: 12
A389: 21332 | B389: 7798350082328 | C389: =VLOOKUP(A389,BASE!A:C,2,FALSE) -> DUFFY COTTON PAÑALES HIPERPACK G-32U x3 un | D389: =VLOOKUP(A389,BASE!A:C,3,FALSE) -> 8465.42 | E389: 14
A390: 21236 | B390: 7798350080362 | C390: =VLOOKUP(A390,BASE!A:C,2,FALSE) -> DUFFY COTTON PAÑALES HIPERPACK M-36U x3 un | D390: =VLOOKUP(A390,BASE!A:C,3,FALSE) -> 8465.42 | E390: 14
A391: 21140 | B391: 7798350080409 | C391: =VLOOKUP(A391,BASE!A:C,2,FALSE) -> DUFFY COTTON PAÑALES HIPERPACK P-40U x3 un | D391: =VLOOKUP(A391,BASE!A:C,3,FALSE) -> 8465.42 | E391: 14
A392: 21428 | B392: 7798350081284 | C392: =VLOOKUP(A392,BASE!A:C,2,FALSE) -> DUFFY COTTON PAÑALES HIPERPACK XG- 28 x3 un | D392: =VLOOKUP(A392,BASE!A:C,3,FALSE) -> 8465.42 | E392: 14
A393: 21526 | B393: 7798350081260 | C393: =VLOOKUP(A393,BASE!A:C,2,FALSE) -> DUFFY COTTON PAÑALES HIPERPACK XXG-26U x3 un | D393: =VLOOKUP(A393,BASE!A:C,3,FALSE) -> 8465.42 | E393: 14
A394: 21348 | B394: 7798350082489 | C394: =VLOOKUP(A394,BASE!A:C,2,FALSE) -> DUFFY COTTON PAÑALES MEGA AHORRO G-48U x3 un | D394: =VLOOKUP(A394,BASE!A:C,3,FALSE) -> 13538.56 | E394: 14
A395: 21252 | B395: 7798350082526 | C395: =VLOOKUP(A395,BASE!A:C,2,FALSE) -> DUFFY COTTON PAÑALES MEGA AHORRO M-52U x3 un | D395: =VLOOKUP(A395,BASE!A:C,3,FALSE) -> 13538.56 | E395: 14
A396: 21444 | B396: 7798350084445 | C396: =VLOOKUP(A396,BASE!A:C,2,FALSE) -> DUFFY COTTON PAÑALES MEGA AHORRO XG-44 x3 un | D396: =VLOOKUP(A396,BASE!A:C,3,FALSE) -> 13538.56 | E396: 14
A397: 21542 | B397: 7798350085428 | C397: =VLOOKUP(A397,BASE!A:C,2,FALSE) -> DUFFY COTTON PAÑALES MEGA AHORRO XXG-42U x3 un | D397: =VLOOKUP(A397,BASE!A:C,3,FALSE) -> 13538.56 | E397: 14
A398: 21418 | B398: 7798350081246 | C398: =VLOOKUP(A398,BASE!A:C,2,FALSE) -> DUFFY COTTON PAÑALES MEGAPACK XG -18U x6 un | D398: =VLOOKUP(A398,BASE!A:C,3,FALSE) -> 5811.62 | E398: 14
A399: 21517 | B399: 7798350081253 | C399: =VLOOKUP(A399,BASE!A:C,2,FALSE) -> DUFFY COTTON PAÑALES MEGAPACK XXG-17U x6 un | D399: =VLOOKUP(A399,BASE!A:C,3,FALSE) -> 5811.62 | E399: 14
A400: 21320 | B400: 7798350084230 | C400: =VLOOKUP(A400,BASE!A:C,2,FALSE) -> DUFFY COTTON PAÑALES MEGAPACK G-20U x6 un | D400: =VLOOKUP(A400,BASE!A:C,3,FALSE) -> 5811.62 | E400: 14
... A435: 855099 | B435: 7794050005094 | C435: =VLOOKUP(A435,BASE!A:C,2,FALSE) -> DOREE QUITAESMALTE REPARADOR C/KERAT.120 x24 un | D435: =VLOOKUP(A435,BASE!A:C,3,FALSE) -> 2163.04 | E435: 15
A436: 85855 | C436: =VLOOKUP(A436,BASE!A:C,2,FALSE) -> DOREE COLONIA AMBRE X500 x12 un | D436: =VLOOKUP(A436,BASE!A:C,3,FALSE) -> 7474.62 | E436: 15
A437: 85854 | C437: =VLOOKUP(A437,BASE!A:C,2,FALSE) -> DOREE COLONIA INGLESA X500 x12 un | D437: =VLOOKUP(A437,BASE!A:C,3,FALSE) -> 7474.62 | E437: 15
A438: 85869 | C438: =VLOOKUP(A438,BASE!A:C,2,FALSE) -> DOREE COLONIA LAVANDA X500 x12 un | D438: =VLOOKUP(A438,BASE!A:C,3,FALSE) -> 7474.62 | E438: 15
A439: 8584712 | C439: =VLOOKUP(A439,BASE!A:C,2,FALSE) -> DOREE CREMA C/ ACIDO HIALURONICO X300ML x12 un | D439: =VLOOKUP(A439,BASE!A:C,3,FALSE) -> 4476.78 | E439: 15
A440: 8584812 | C440: =VLOOKUP(A440,BASE!A:C,2,FALSE) -> DOREE CREMA CON MANTECA DE KARITE X300M x12 un | D440: =VLOOKUP(A440,BASE!A:C,3,FALSE) -> 4476.78 | E440: 15
A441: 8580712 | C441: =VLOOKUP(A441,BASE!A:C,2,FALSE) -> DOREE CREMA HIDRATANTE C/ALOE VERA X300M x12 un | D441: =VLOOKUP(A441,BASE!A:C,3,FALSE) -> 3751.97 | E441: 15
A442: 8580312 | C442: =VLOOKUP(A442,BASE!A:C,2,FALSE) -> DOREE CREMA HUMECTANTE C/GLICERINA X300M x12 un | D442: =VLOOKUP(A442,BASE!A:C,3,FALSE) -> 3751.97 | E442: 15
A443: 8584612 | C443: =VLOOKUP(A443,BASE!A:C,2,FALSE) -> DOREE CREMA NUTRITIVA C/KERATINA X300ML x12 un | D443: =VLOOKUP(A443,BASE!A:C,3,FALSE) -> 4476.78 | E443: 15
A444: 85850 | C444: =VLOOKUP(A444,BASE!A:C,2,FALSE) -> DOREE CREMA P/MANOS C/MANTECA/KARITE 40M x12 un | D444: =VLOOKUP(A444,BASE!A:C,3,FALSE) -> 1918.62 | E444: 15
A445: 85849 | C445: =VLOOKUP(A445,BASE!A:C,2,FALSE) -> DOREE CREMA P/MANOS C/AC.HIALURONICO X40 x12 un | D445: =VLOOKUP(A445,BASE!A:C,3,FALSE) -> 1918.62 | E445: 15
A446: 8584512 | C446: =VLOOKUP(A446,BASE!A:C,2,FALSE) -> DOREE CREMA REDUCTORA C/CENTELLA Y FUCUS x12 un | D446: =VLOOKUP(A446,BASE!A:C,3,FALSE) -> 4476.78 | E446: 15
...

Sheet BASE
A1: Código | B1: Descripcion | C1: TRADICIONAL (c/Iva)
A2: 122570 | B2: BETTANIN CEPILLO SANITARIO x36 un | C2: 3515.76
A3: 1222064 | B3: BRILHUS BROCHES DE ROPA x12 un | C3: 1887.7
A4: 1258 | B4: NATURAL HONEY BÁLSAMO LABIAL SABOR FRUTI x24 un
A5: 10202 | B5: ORAL-B PASTA DENTAL 3D WHITE BRILLANTE F x12 un | C5: 5671.88
A6: 10201 | B6: ORAL-B PASTA DENTAL 3D WHITE CON CARBON x12 un | C6: 5671.88
A7: 10200 | B7: ORAL-B PASTA DENTAL KIDS SPIDERMAN 100G x12 un | C7: 3781.25
A8: 1800 | B8: SOY TU FAN STICK MAQ. ARTÍSTICO BANDERA x144 un
A9: 10091324 | B9: TYL DELINEADOR DE CEJAS x1 un | C9: 1815
A10: 3367234 | B10: ALGABO BABY ACEITE P/ BEBE 200 ML x12 un | C10: 4249.05
A11: 38881 | B11: VN ACEITE SOLAR FPS 10 X 190ML x12 un | C11: 10000
A12: 841010 | B12: ESCUDO MATA CUCARACHAS Y HORMIGAS S/OLOR x12 un | C12: 3991.73
A13: 103026 | B13: SAPHIRUS AEROSOL BUBBLEGUM 185 G x12 un | C13: 5450.87
A14: 103001 | B14: SAPHIRUS AEROSOL AMOR 185 G x12 un | C14: 5450.87
A15: 103013 | B15: SAPHIRUS AEROSOL APOLO 185G x12 un | C15: 5450.87
A16: 103012 | B16: SAPHIRUS AEROSOL ATLANTIS 185G x12 un | C16: 5450.87
A17: 103022 | B17: SAPHIRUS AEROSOL BAMBOO 185 G x12 un | C17: 5450.87
A18: 103048 | B18: SAPHIRUS AEROSOL BEBE 185 G x12 un | C18: 5450.87
A19: 103009 | B19: SAPHIRUS AEROSOL BLOSSOM ROUGE 185 G x12 un | C19: 5450.87
A20: 103014 | B20: SAPHIRUS AEROSOL BLUE 185 G x12 un | C20: 5450.87
... A80: 6010251 | B80: ALGABO VAIS SPRAY 250ML CALIDA PRIMAVERA x16 un | C80: 3012.45
A81: 1010684 | B81: ALGABO VAIS SPRAY 250ML DULCES MIMOS x16 un
A82: 6010253 | B82: ALGABO VAIS SPRAY 250ML SUAVE BRISA TEXT x16 un | C82: 3012.45
A83: 10019164 | B83: DAMAR ARQUEADOR PESTAÑA ARO GOMA x1 un | C83: 775.59
A84: 43582 | B84: VN AUTOBRONCEANTE POMO X 150ML x12 un | C84: 10000
A85: 582292 | B85: I LOVE BICARBONATO D/P X 100G x24 un | C85: 1300.42
A86: 582308 | B86: I LOVE BICARBONATO X500G x12 un | C86: 5198.65
A87: 4032130 | B87: ALGABO FROZEN BODY SPLASH ELSA C/EST 125 x12 un | C87: 6082.84
A88: 3832122 | B88: ALGABO HELLO KITTY BODY.S ALEGRÍA X125 x12 un | C88: 6082.84
A89: 3032001 | B89: ALGABO KIDS PAW PATROL BODY SPLASH X125M x12 un | C89: 5832.86
A90: 3000001 | B90: ALGABO KIDS PAW PATROL SET BODY.S Y SH x12 un | C90: 9221.48
A91: 3832121 | B91: ALGABO KUROMI BODY.S DULZURA X120ML x12 un | C91: 6082.84
A92: 92639 | B92: CARO CUORE BODY MIST AMORE X120ML x6 un | C92: 15294.12
A93: 61556 | B93: CARO CUORE BODY MIST COURE X120ML x6 un | C93: 15294.12
A94: 65951 | B94: CARO CUORE BODY MIST X120ML x6 un | C94: 15294.12
A95: 536 | B95: CHIMOLA BODY MIST BRAVE 100ML x12 un
A96: 534 | B96: CHIMOLA BODY MIST CHIC 100ML x12 un
A97: 533 | B97: CHIMOLA BODY MIST ICONIC 100ML x12 un
A98: 535 | B98: CHIMOLA BODY MIST WILD 100ML x12 un
A99: 3232002 | B99: GO TO BE BODY SPLASH CHILL -ROSA X250ML x12 un | C99: 12586.8
A100: 3232001 | B100: GO TO BE BODY SPLASH GLOW -NARANJA X250M x12 un | C100: 12586.8
A101: 3232003 | B101: GO TO BE BODY SPLASH MIST -CELESTE X250M x12 un | C101: 12586.8
A102: 45471 | B102: PAULA CAHEN DANVERS BODY MIST X120ML x6 un | C102: 15294.12
A103: 10079 | B103: DAMAR BOLS ACRILICO PARA MANICURIA x1 un | C103: 586.75
A104: 10075 | B104: DAMAR BOLS TINTURA CHICO 666418 x1 un | C104: 140.66
A105: 10076 | B105: DAMAR BOLS TINTURA GRANDE x1 un | C105: 858.6
A106: 324 | B106: CANDELA BOMBITAS DE AGUA 100 U (50) x1 un | C106: 1730
A107: 100118 | B107: DAMAR BROCHA MAQ.ESPECIAL x1 un | C107: 296.01
A108: 10115 | B108: IBERIA PALITOS DE BROCHETTES X 50 U. x1 un | C108: 0
A109: 35856 | B109: ISSUE MASCARA CAP.BRILLO EXTREMO 150G x24 un | C109: 1558.1
A110: 35855 | B110: ISSUE MASCARA CAP.REPARACION PROF 150G x12 un | C110: 3116.22
... A145: 100247 | B145: DAMAR CEPILLO SACAPELUSA MADERA x1 un | C145: 2455.27
A146: 215879 | B146: DISNEY CARS CEPILLO DENTAL x3un x24 un
A147: 1002874 | B147: DISNEY CEPILLO NEUMATICO OVALADO PRINCES x1 un | C147: 5547.16
A148: 426071 | B148: DISNEY ENCANTO CEPILLO DENTAL KIT VIAJE x24 un
A149: 426095 | B149: DISNEY ENCANTO CEPILLO DENTAL x3un x24 un
A150: 426705 | B150: DISNEY MONSTER INC CEPILLO DENTAL + CAPS x24 un
A151: 426446 | B151: DISNEY MONSTER INC CEPILLO DENTAL X2UN + x24 un
A152: 215886 | B152: DISNEY MONSTER INC CEPILLO DENTAL x3un x24 un
A153: 426712 | B153: DISNEY STITCH CEPILLO DENTAL + CAPSULA 3 x24 un
A154: 426224 | B154: JURASSIC WORLD CEPILLO DENTAL + CAPSULA x24 un
A155: 426040 | B155: JURASSIC WORLD CEPILLO DENTAL KIT VIAJE x24 un
A156: 426439 | B156: JURASSIC WORLD CEPILLO DENTAL x2un + CAP x24 un
A157: 426057 | B157: JURASSIC WORLD CEPILLO DENTAL x3un x24 un
A158: 600103 | B158: ORAL-B CEPILLO COMPLETE CLEAN x1 un | C158: 3025
A159: 600104 | B159: ORAL-B CEPILLO COMPLETE CLEAN x2 un | C159: 3025
A160: 4185 | B160: ORAL-B CEPILLO ENCIAS DETOX SENSITIVE x2 un | C160: 6014
A161: 4181 | B161: ORAL-B CEPILLO EXPERT EXTRA SUAVE SENSIB x1 un | C161: 5620.99
A162: 4180 | B162: ORAL-B CEPILLO EXPERT SUAVE ULTRAFINO x1 un | C162: 6012.01
A163: 4186 | B163: ORAL-B CEPILLO INDICATOR CLEAN x2 un | C163: 6516
A164: 600102 | B164: ORAL-B CEPILLO INDICATOR EXTRA SOFT x1 un | C164: 4182
A165: 600105 | B165: ORAL-B CEPILLO KIDS MICKEY x1 un | C165: 3895.99
A166: 5102 | B166: ORAL-B CEPILLO KIDS MICKEY x2 un | C166: 7792
A167: 600106 | B167: PRO CEPILLO DOBLE ACCION X 1U x1 un | C167: 3607
A168: 10135 | B168: PRO CEPILLO DOBLE ACCION PROFILE x2u. x1 un | C168: 7902
A169: 600107 | B169: PRO CEPILLO PLUS CUIDADO DE ENCIAS X 3U x1 un | C169: 10194
... A213: 7220 | B213: SUIZA FRANELA GAMUZADA ROJA 40 X 50 x48 un | C213: 2193.36
A214: 7232 | B214: SUIZA REPASADOR NIDO DE ABEJA x48 un
A215: 100271 | B215: DAMAR COFIA CON ELASTICO x1 un | C215: 349.99
A216: 100275 | B216: DAMAR COFIA DESCARTABLE X 2 U x1 un | C216: 67.54
A217: 6032323 | B217: ALGABO COLONIA AMBRE 500ML x12 un | C217: 4569.27
A218: 6032324 | B218: ALGABO COLONIA INGLESA 500ML x12 un | C218: 4569.27
A219: 6032325 | B219: ALGABO COLONIA LAVANDA 500ML x12 un | C219: 4569.27
A220: 85855 | B220: DOREE COLONIA AMBRE X500 x12 un | C220: 7474.62
A221: 85854 | B221: DOREE COLONIA INGLESA X500 x12 un | C221: 7474.62
A222: 85869 | B222: DOREE COLONIA LAVANDA X500 x12 un | C222: 7474.62
A223: 100356 | B223: DAMAR ESPONJA ANATOMICA COMBINADA C/VE x1 un | C223: 2403.4
A224: 6062001 | B224: ALGABO CONTROL DISCOS DESMAQUILLANTES x36 un | C224: 2056.58
A225: 6069100 | B225: ALGABO CONTROL HISOPOS TUBO 100 U x48 un | C225: 1593.13
A226: 6069126 | B226: ALGABO CONTROL HISOPOS TUBO 125 U x42 un | C226: 1882.79
... A236: 6060415 | B236: ALGABO CREMA CORP. REPARAD.C/VALV 400ML x12 un | C236: 4489.72
A237: 1502 | B237: NATURAL HONEY EMULSIÓN CORPORAL HIDRATAN x12 un
A238: 6060509 | B238: ALGABO CREMA CORP. NUTRIT.POMO 200ML x12 un | C238: 3157.28
A239: 6060510 | B239: ALGABO CREMA CORP. REPARAD.POMO 200ML x12 un | C239: 3157.28
A240: 8584712 | B240: DOREE CREMA C/ ACIDO HIALURONICO X300ML x12 un | C240: 4476.78
A241: 8584812 | B241: DOREE CREMA CON MANTECA DE KARITE X300M x12 un | C241: 4476.78
A242: 8580712 | B242: DOREE CREMA HIDRATANTE C/ALOE VERA X300M x12 un | C242: 3751.97
A243: 8580312 | B243: DOREE CREMA HUMECTANTE C/GLICERINA X300M x12 un | C243: 3751.97
A244: 8584612 | B244: DOREE CREMA NUTRITIVA C/KERATINA X300ML x12 un | C244: 4476.78
A245: 85849 | B245: DOREE CREMA P/MANOS C/AC.HIALURONICO X40 x12 un | C245: 1918.62
...
